brand_id,price,colour
242,899,White
242,599,White
242,899,Orange
242,599,Black
242,699,Maroon
242,999,Navy Blue
242,999,White
242,499,White
242,1499,Pink
242,999,Off White
242,599,Beige
242,899,Silver
242,599,Off White
242,999,White
242,699,Orange
242,999,Gold
242,599,White
242,799,Beige
242,3499,Maroon
242,699,Red
242,999,White
242,899,Black
242,899,White
242,799,Pink
242,2399,Red
242,499,Olive
242,599,White
242,599,Olive
242,999,Green
242,999,Navy Blue
242,799,Beige
242,799,Navy Blue
242,799,Blue
242,899,Beige
242,1299,Gold
242,999,Green
242,899,White
242,2499,Gold
242,899,Grey
242,799,Beige
242,2499,Orange
242,1599,Cream
242,1399,White
242,1299,Black
242,1199,Black
242,1399,Grey
242,1099,Yellow
242,1499,Red
242,899,Beige
242,899,White
242,899,Maroon
242,899,Blue
242,899,White
242,799,Gold
242,599,Beige
242,899,Blue
242,449,Beige
242,1499,Fuchsia
242,449,Red
242,1499,Blue
242,1399,Red
242,999,White
242,799,Maroon
242,999,Red
242,699,Beige
242,899,Beige
242,699,Multi
242,1499,Off White
242,1499,Red
242,999,Maroon
242,999,Rust
242,2499,Yellow
242,999,Red
242,1299,Pink
242,599,Yellow
242,799,Red
242,599,White
242,1099,Off White
242,899,Peach
242,949,Blue
750,1199,Mustard
750,2599,Mauve
750,999,Blue
750,499,White
750,1999,Blue
750,1199,Coral
750,599,Maroon
750,1299,Navy Blue
750,1299,Charcoal
750,2199,Green
750,2299,Blue
750,1599,Blue
750,1199,Mustard
750,2299,Blue
750,1299,Black
750,1399,Blue
750,1699,Blue
750,1299,Mustard
750,1499,Blue
750,1099,Mauve
750,2999,Blue
750,1499,Lavender
750,1599,Blue
750,2899,Green
750,2099,Navy Blue
750,1199,Off White
750,1299,Peach
750,1699,Navy Blue
750,1699,Blue
750,2399,Black
750,2099,Blue
750,2599,Purple
750,2699,Blue
750,2499,Olive
750,1499,Blue
750,2099,Purple
750,2499,Blue
750,1999,Blue
750,1299,Purple
750,2499,Black
750,1699,Blue
750,3999,Pink
750,2799,Navy Blue
750,2999,Blue
750,1499,Navy Blue
750,1499,Blue
750,1999,Blue
750,1899,Green
750,1099,Blue
750,1999,Black
750,2499,Navy Blue
750,3199,Olive
750,1299,Olive
750,1699,Off White
750,3199,Navy Blue
750,2899,Charcoal
750,1299,Off White
750,1899,Blue
750,2799,Pink
750,2799,Pink
750,1499,Maroon
750,2499,Grey
750,2599,Blue
750,999,Pink
750,2399,Pink
750,1599,Pink
750,1499,Teal
750,1299,Black
750,4999,Navy Blue
750,2799,Brown
750,1099,Mauve
750,1699,Green
750,1899,Purple
750,2799,Blue
750,1599,Olive
750,1299,Black
750,2299,Blue
750,1499,Peach
750,3199,Khaki
750,1799,Olive
750,2999,Blue
750,4599,Black
750,1299,Pink
750,2699,Grey
750,4799,Tan
750,1499,Charcoal
750,1299,Navy Blue
750,1699,Black
750,1899,Teal
750,1599,Pink
750,2699,Red
750,2699,Olive
750,2499,Blue
750,1599,Coral
750,2499,Blue
750,1899,Maroon
750,799,Coral
750,2099,Black
750,2399,Grey
750,2699,Black
750,2599,Rose
750,1099,Purple
750,899,Black
750,1499,Purple
750,2499,Green
750,1799,Mustard
750,1899,Blue
750,1599,Lavender
750,799,Maroon
750,2499,Black
750,1599,Grey
750,1799,Mustard
750,4999,Maroon
750,2699,Black
750,1899,Blue
750,1299,Rust
750,2699,Blue
750,4299,Olive
750,2199,Grey
750,1299,Mustard
750,2199,Blue
750,1499,Blue
750,2399,Black
750,1499,Pink
750,2599,Charcoal
750,1499,Pink
750,2099,Rose
750,2099,Navy Blue
750,499,Black
750,1499,Navy Blue
750,899,Pink
750,2699,Blue
750,1299,Olive
750,2599,Peach
750,2099,Rust
750,2999,Olive
750,1499,Green
750,2599,Navy Blue
750,699,White
750,1399,Navy Blue
750,1999,Navy Blue
750,1299,Mustard
750,2399,Black
750,2599,Blue
750,2299,Charcoal
750,1699,Peach
750,1899,Beige
750,3999,Charcoal
750,3599,Pink
750,2299,Blue
750,2499,Rust
750,899,Green
750,1999,Lavender
750,2599,Navy Blue
750,2499,Blue
750,2099,Maroon
750,2899,Olive
750,2699,Lavender
750,2699,Black
750,2199,Rust
750,899,Navy Blue
750,2499,Grey
750,1999,Green
750,1699,Green
750,1299,White
750,1299,Lavender
750,1699,Black
750,1899,Brown
750,999,Red
750,1299,Pink
750,2499,Lavender
750,2599,Blue
750,2499,Blue
750,2499,Blue
750,899,Maroon
750,1799,Coral
750,2399,Lavender
750,799,Peach
750,2599,Blue
750,1499,Navy Blue
750,2599,Green
750,2599,Coral
750,2499,Rose
750,2599,Green
750,1599,Mauve
750,1899,Purple
750,2599,Pink
750,1299,White
750,1399,Pink
750,1699,Blue
750,1499,Pink
750,2499,Maroon
750,1299,Olive
750,2399,Mustard
750,1899,Blue
750,1599,Lavender
750,2399,Pink
750,2799,Mauve
750,2199,Teal
750,1999,Black
750,799,Black
750,2499,Olive
750,2699,Olive
750,1299,Red
750,3199,Mauve
750,1399,Green
750,2999,Charcoal
750,5499,Black
750,2199,Maroon
750,3999,Navy Blue
750,1099,Green
750,2599,Blue
750,4799,Beige
750,5499,Brown
750,2099,Olive
750,3599,Peach
750,4999,Black
750,1099,Black
750,2199,Green
750,1399,Mustard
750,2199,Mustard
750,1299,Lavender
750,999,Olive
750,2499,Blue
750,2999,Green
750,2899,Blue
750,2999,Navy Blue
750,4999,Burgundy
750,2999,Burgundy
750,4599,Grey
750,2999,Blue
750,3299,Olive
750,3999,Maroon
750,2299,Blue
750,3999,Olive
750,3599,Green
750,3899,Green
750,2799,Blue
750,1499,Mauve
750,2499,Navy Blue
750,3999,Pink
750,2699,Black
750,1999,Blue
750,2399,Blue
750,1099,Blue
750,2399,Blue
750,3899,Grey
750,2299,Blue
750,3399,Rust
750,2099,Blue
750,2499,Grey
750,2199,Blue
750,1099,Sea Green
750,1399,Blue
750,1699,Blue
750,4299,Pink
750,1699,Black
750,1799,Blue
750,2699,Blue
750,2199,Blue
750,2399,Grey
750,1699,Blue
750,2599,Blue
750,2399,Blue
750,1699,Blue
750,2599,Peach
750,1699,Mustard
750,1799,Blue
750,2599,Blue
750,1999,Blue
750,2599,Grey
750,2299,Blue
750,3999,Pink
750,3999,Mustard
750,2899,Blue
750,3699,Peach
750,3599,Black
750,2499,Blue
750,2999,Red
750,2899,Black
750,4799,Black
750,799,Pink
750,2999,Blue
750,1899,Maroon
750,799,Off White
750,2399,Black
750,1699,Blue
750,2199,Blue
750,2599,Blue
389,5799,Peach
389,6549,Pink
389,4399,Teal
389,4699,Purple
389,8499,Multi
389,7399,Teal
389,6899,Rose
389,3999,Teal
389,4999,Magenta
389,5899,Red
389,5199,Green
389,1099,Pink
389,5999,Purple
389,4399,Maroon
389,3099,Cream
389,4399,Red
389,3949,Burgundy
389,4399,Black
389,1199,Black
389,1999,Red
389,1299,Red
389,3599,Lavender
389,4499,Pink
389,5999,Purple
389,4999,Burgundy
389,15999,Sea Green
389,6399,Purple
389,4799,Black
389,6999,Pink
389,5899,Mustard
389,1599,Mauve
389,7499,Purple
389,6899,Green
389,3099,Beige
389,3399,Navy Blue
389,1199,Black
389,6899,Burgundy
389,4999,Red
389,8499,Black
389,7499,Red
389,6899,Orange
389,5999,Teal
389,7899,Lavender
389,5099,Navy Blue
389,2699,Mustard
389,6499,Black
389,1899,Maroon
389,4099,Blue
389,8099,Orange
389,7999,Peach
389,7899,Black
389,4099,Pink
389,2599,Gold
389,5399,Teal
389,3299,Burgundy
389,4999,Maroon
389,3299,Navy Blue
389,3399,Sea Green
389,5899,Peach
389,2199,Navy Blue
389,6699,Pink
482,1999,Black
482,1999,Black
482,1999,Navy Blue
482,1999,Blue
482,2999,Black
482,2549,Black
482,1999,Black
482,1999,Blue
793,1494,Multi
793,1494,Blue
793,1494,Blue
793,1894,Off White
793,1298,Pink
793,1098,Black
793,2998,Burgundy
793,2498,Beige
793,1998,Red
793,2494,Off White
793,1294,Black
793,1494,Blue
793,1494,Black
793,1298,White
793,1299,Blue
793,2498,Red
793,2998,Blue
793,1998,Red
793,1294,Navy Blue
793,1294,Brown
793,1094,Blue
793,2998,Black
793,1994,Burgundy
793,1698,Black
793,2498,Black
793,2998,Black
793,1294,Black
793,1594,Maroon
793,1099,Black
793,1094,Black
793,2498,Black
793,1694,Multi
903,699,Black
903,1399,Maroon
903,1699,Black
903,1199,Maroon
903,2999,Green
903,1399,Beige
903,1349,Purple
903,2149,Black
903,899,Black
903,1699,Blue
903,1999,Navy Blue
903,799,Yellow
903,1249,Green
903,1299,Blue
903,1049,Black
903,1199,Pink
903,2149,Beige
903,2149,Green
903,2649,Blue
903,1799,Brown
903,1699,Rose
903,1899,Black
903,999,Teal
903,2149,Blue
903,2999,Black
903,899,Burgundy
903,2299,Navy Blue
903,3299,Grey
903,699,Green
903,1449,Mustard
903,2249,White
903,1649,Olive
903,1699,Blue
903,2399,Blue
903,899,Navy Blue
903,1899,Blue
903,7149,Olive
903,2499,Blue
903,1449,Taupe
903,799,Green
903,1949,Mustard
903,1699,Olive
903,1349,Green
903,1199,Navy Blue
903,7149,Black
903,699,Red
903,1699,White
903,849,Grey
903,549,White
903,2099,Blue
903,549,Yellow
903,2399,Blue
903,2549,Olive
903,1149,Purple
903,1349,Blue
903,1499,White
903,1199,Black
903,1999,Rose
903,1899,Black
903,1699,Cream
903,1949,Olive
903,2099,Blue
903,999,Fuchsia
903,899,Green
903,1899,Blue
903,1049,Green
903,549,Blue
903,2199,Maroon
903,1599,Blue
903,999,Grey
903,1599,Rose
903,1299,Black
903,1399,Charcoal
903,4249,Burgundy
903,1049,Peach
903,849,Black
903,1349,Orange
903,2299,Maroon
903,1149,White
903,1349,Grey
903,1499,Black
903,2199,Blue
903,549,Fuchsia
903,1399,Green
903,1149,Green
903,2149,Blue
903,1899,Blue
903,2149,Black
903,1549,Burgundy
903,699,Green
903,1649,Maroon
903,1399,Black
903,1899,Blue
903,1749,Green
903,1749,Black
903,1299,Black
903,899,Brown
903,1049,Blue
903,1799,Beige
903,2099,Violet
903,899,Orange
903,1099,Black
903,2499,White
903,1999,Blue
903,1699,Blue
903,799,Olive
903,1349,Black
903,1799,Maroon
903,1799,Black
903,1649,White
903,999,Red
903,2449,Black
903,1199,Green
903,1849,Green
903,949,Lavender
903,1749,Blue
903,1749,Green
903,1549,Navy Blue
903,1849,White
903,1699,Purple
903,1149,Green
903,899,Black
903,1699,Pink
903,1499,Blue
903,1899,Blue
903,949,Black
903,1849,Green
903,1049,Yellow
903,2149,Khaki
903,999,Off White
903,1199,Black
903,2599,Olive
903,849,Green
903,1249,Green
903,1349,Green
903,1699,Yellow
903,1049,Blue
903,1899,Blue
903,1299,Black
903,2199,Blue
903,1199,Blue
903,1649,Pink
903,899,Black
903,1199,Purple
903,2099,Blue
903,3249,Burgundy
903,749,Black
903,1199,Yellow
903,899,White
903,1199,Yellow
903,1899,Blue
903,899,Black
903,949,Green
903,1849,Beige
903,2249,Pink
903,799,Blue
903,1199,Black
903,2099,Pink
903,1249,White
903,849,Black
903,1299,Turquoise Blue
903,699,Burgundy
903,2599,Black
903,2249,Red
903,3099,Black
903,1099,Green
903,5499,Burgundy
903,1899,Blue
903,999,Maroon
903,899,Pink
903,1649,Black
903,2149,White
903,1349,Navy Blue
903,549,Green
903,1599,Green
903,2249,Off White
903,3299,Beige
903,949,Yellow
903,2249,Maroon
903,899,Green
903,3149,Green
903,1299,Purple
903,1699,Coral
903,2649,Black
903,1149,Green
903,2099,Green
903,1999,Blue
903,1699,Blue
903,949,Green
903,3299,Grey
903,1099,Magenta
903,999,Green
903,1249,Violet
903,1299,Green
903,1049,Green
903,1049,Magenta
903,1099,Navy Blue
903,1299,Pink
903,1799,Olive
903,1199,Black
903,699,Sea Green
903,1449,Brown
903,3349,Navy Blue
903,1199,White
903,649,Pink
903,1249,White
903,2149,Blue
903,1049,Black
903,799,Navy Blue
903,1699,Blue
903,3849,Green
903,699,Navy Blue
903,3499,Blue
903,1599,Green
903,699,Pink
903,1049,Black
903,1199,Teal
903,1699,Black
903,2749,Pink
903,2549,Blue
903,3499,Rust
903,3499,Camel Brown
903,1899,Blue
903,1699,Grey
903,2099,White
903,1899,Blue
903,2199,Blue
903,749,Green
903,1699,Brown
903,1249,Grey
903,1899,Black
903,949,Black
903,1999,Blue
903,3099,Maroon
903,1899,Black
903,1549,Green
903,1649,Green
903,1699,Charcoal
903,2099,Grey
903,899,Silver
903,1299,Red
903,1599,Yellow
903,2349,Blue
903,1549,Navy Blue
903,1049,Navy Blue
903,3449,Beige
903,1199,Black
75,4699,Black
75,3399,Mauve
75,1999,Yellow
75,3199,Sea Green
75,1299,Off White
75,1099,Navy Blue
75,3799,Peach
75,4999,Navy Blue
75,2899,Green
75,1699,Black
75,4399,Red
75,999,Red
75,3899,Pink
75,3599,Red
75,1599,Beige
75,3599,Pink
75,3899,Teal
75,1699,Red
75,3899,Black
75,1099,Mustard
75,4199,Magenta
75,3099,Pink
75,2999,Maroon
75,1699,Navy Blue
75,1499,Purple
75,1899,Charcoal
75,1599,Lime Green
75,3499,Green
75,2799,Pink
75,4299,Purple
75,1999,Mustard
75,1299,Orange
75,3699,Blue
75,3299,White
75,2499,Black
75,1699,Maroon
75,3699,Charcoal
75,2199,Red
75,4899,Pink
75,3799,Red
75,999,Black
75,1099,Green
75,1799,Blue
75,1299,Navy Blue
75,2899,Turquoise Blue
75,2099,Blue
75,999,Purple
75,1499,Brown
75,4699,White
75,1299,Black
75,4499,Red
75,1299,Rust
75,1699,Mustard
75,3399,Green
75,2299,Pink
75,3399,Pink
75,1899,White
75,999,Blue
75,1699,Cream
75,2699,Navy Blue
75,1899,Maroon
75,999,Mustard
75,1199,Red
75,3499,White
75,3399,Purple
75,2699,Maroon
75,2999,Red
75,3499,Maroon
75,1699,Pink
75,1799,Purple
75,2999,Turquoise Blue
75,1999,Blue
75,1999,Mustard
75,1699,Navy Blue
75,4399,Grey
75,1999,Green
75,1899,Teal
75,3699,Red
75,2399,Pink
75,1899,Sea Green
75,2999,Mustard
75,1599,Red
75,1599,Black
75,3899,Multi
75,1999,Black
75,1099,Pink
75,3599,Maroon
75,899,Blue
75,2299,Purple
75,1699,Red
75,1699,Mustard
75,2999,Pink
75,1999,Blue
75,1799,Navy Blue
75,1099,Pink
75,5299,Maroon
75,2299,Blue
75,1599,Blue
75,899,Pink
75,999,Yellow
75,1299,Red
75,2999,Coral
75,1999,Green
75,3499,White
75,3399,Orange
75,3399,Blue
75,3499,Fuchsia
75,5999,Peach
75,1599,Teal
75,1399,Turquoise Blue
75,1999,Maroon
75,2699,Navy Blue
75,1599,Grey
75,1599,Black
75,1699,Grey
75,2299,Pink
75,1399,Red
75,1699,Green
75,3299,Green
75,1799,Black
75,3399,Black
75,4199,Navy Blue
75,3199,Off White
75,1699,Orange
75,3499,White
75,3599,White
75,2699,Black
75,1999,White
75,2170,Black
75,1699,Blue
75,3399,Purple
75,3099,Maroon
75,2299,Maroon
75,999,Navy Blue
75,1999,Pink
75,1999,Navy Blue
75,1699,Black
75,2899,Green
75,3099,Orange
75,1899,Blue
75,2599,Orange
75,1399,Black
75,1799,Olive
75,1999,Green
75,3199,Green
75,3399,Green
75,2399,Black
75,2599,Orange
75,5099,Cream
75,2599,Pink
75,4999,Pink
75,1799,Mustard
75,1599,Navy Blue
75,1999,Maroon
75,1599,Red
75,1699,Green
75,3399,Navy Blue
75,3199,Red
75,1699,Pink
75,2899,Green
75,3399,Burgundy
75,2099,Red
75,1499,Blue
75,2299,Mustard
75,3499,Pink
75,2099,Mustard
75,2299,Multi
75,3199,Yellow
467,5099,Black
467,5299,Green
467,5699,Green
467,4499,Lime Green
467,3699,Peach
467,4799,White
467,4799,Blue
79,1739,Pink
79,4899,Navy Blue
79,1739,Black
79,1739,Navy Blue
79,5299,Teal
79,1739,Teal
79,1739,Grey
79,1739,Maroon
79,2989,Green
79,1739,Red
79,3999,Pink
79,1999,Mustard
79,1739,Blue
79,4349,Maroon
79,5899,Red
79,2749,Navy Blue
79,2989,Pink
79,2989,Red
79,1739,Red
79,2749,Navy Blue
79,4799,Teal
79,2989,Teal
79,1739,Navy Blue
79,3799,Pink
171,1699,Blue
171,1699,Blue
171,2399,Blue
171,1999,Blue
171,5999,Brown
171,1799,Blue
171,1999,Black
171,3999,Charcoal
171,2199,Maroon
171,1999,Blue
171,3499,Blue
171,1499,Black
171,1399,Black
171,1499,Gold
171,1899,Navy Blue
171,2099,Navy Blue
171,1899,Navy Blue
171,2499,Maroon
171,1999,Navy Blue
171,2499,Olive
171,3099,Grey
171,2899,Black
171,2699,Olive
171,1499,Black
171,1599,Red
171,2199,Grey
171,2499,Grey
171,1599,Mustard
171,3899,Mustard
95,1299,Fuchsia
95,2499,Burgundy
95,1699,White
95,2999,Fuchsia
95,1499,Black
95,1499,Black
95,2999,Black
95,2999,Sea Green
95,3495,Grey
95,1799,White
95,3999,Coral
95,2299,Black
95,1299,Burgundy
95,1499,Lavender
95,2299,Pink
95,1699,Teal
95,1499,Mauve
95,1499,Red
95,2499,Lime Green
95,1299,Pink
95,1999,Lime Green
95,1799,Fuchsia
95,1699,Blue
95,1499,Green
95,1599,Black
95,1699,Lime Green
95,2299,Beige
95,1999,Pink
95,1699,Green
95,1699,Burgundy
95,1699,Pink
95,2999,Coral
95,1699,Brown
95,2799,Blue
95,1699,Green
95,1699,Green
95,2499,Teal
95,2999,Mustard
95,1899,Purple
95,1599,Pink
95,1799,Orange
95,2499,Burgundy
95,1499,Fluorescent Green
95,1799,Fuchsia
95,1899,Green
95,1499,White
95,1999,White
52,3799,Grey
52,1799,Black
52,3799,Black
52,3299,Navy Blue
52,2499,Blue
52,2299,Navy Blue
52,1299,Yellow
52,1699,Green
52,3999,Grey
52,5499,Black
52,4499,Navy Blue
52,1999,Black
52,1999,Blue
106,1199,Multi
106,1299,Navy Blue
106,1199,Peach
106,1799,White
353,1499,Red
353,1499,Black
353,699,Black
353,1499,White
353,1499,Black
353,699,Brown
353,1499,Green
353,1299,Brown
353,799,Black
353,1299,White
353,1999,Grey
353,799,Black
353,1499,Yellow
353,1499,White
353,1299,Black
353,1299,Pink
353,2699,Green
353,499,Pink
353,2299,Blue
353,2299,Black
353,1499,Grey
353,1499,Black
353,499,Beige
353,1299,Beige
353,999,Beige
353,1499,White
353,1499,Beige
353,1299,White
353,799,Black
353,1499,Grey
353,1299,Grey
353,1499,Black
353,1499,White
353,1299,Black
353,2299,Beige
353,2299,Multi
353,1499,White
353,1299,Black
353,2699,White
353,2299,Beige
353,399,Turquoise Blue
353,2999,Black
353,999,White
353,1999,Olive
353,1299,Beige
353,1499,Beige
353,599,White
353,799,Beige
353,699,Grey
353,1299,Black
353,2299,White
353,699,Blue
353,2299,White
353,1499,Black
353,1999,Beige
353,399,White
353,799,Black
353,1299,Beige
353,999,Purple
353,1299,Grey
353,2299,Beige
353,399,Yellow
353,1999,Beige
353,1499,Green
353,1299,Blue
353,2299,Beige
353,699,Pink
353,1999,Orange
353,799,Brown
353,1299,Red
353,399,White
353,1499,Black
353,699,Orange
353,1999,Green
353,1299,Brown
353,1499,Orange
353,2299,Olive
353,1499,Blue
353,1999,Pink
353,399,Pink
353,799,White
353,1499,Black
353,1299,Yellow
353,1299,Black
353,1999,White
353,1499,Grey
353,3999,Blue
353,2299,Blue
353,2299,Blue
353,2299,Black
353,2299,Black
353,799,Brown
353,1499,Beige
353,3999,Black
353,4499,Grey
868,1099,Blue
868,1699,Green
868,1499,Navy Blue
868,1899,Off White
868,1099,Mustard
868,2199,Multi
868,1699,Navy Blue
868,1599,Purple
868,2399,Black
868,3299,Navy Blue
868,2299,Blue
868,1899,White
868,2299,Blue
868,1899,Brown
868,3299,Teal
868,2499,Grey
868,1799,Black
868,1599,Olive
868,2699,Black
868,1299,Mustard
868,2299,Maroon
868,1799,Blue
868,2099,Blue
868,2599,Blue
868,1899,Brown
868,3499,Blue
868,3499,Lavender
868,4099,Maroon
868,2499,Orange
868,3899,Maroon
583,4080,Yellow
583,5199,Pink
583,5199,Brown
583,4999,Gold
583,5999,Navy Blue
583,3599,Pink
583,8999,Blue
583,5599,Mauve
583,4999,Beige
583,4199,Black
583,5999,Pink
583,6795,Blue
583,3999,Pink
583,5899,Fuchsia
583,6196,Maroon
583,5999,Blue
583,4796,Red
583,4999,Navy Blue
583,8699,Purple
583,5999,Grey
583,6099,Pink
583,7688,Brown
583,5699,Orange
583,7699,Black
583,6999,Green
583,4899,Grey
583,5999,Orange
583,8599,Teal
583,5999,Olive
583,3999,Burgundy
583,3499,Purple
583,6999,Navy Blue
583,5999,Red
583,4899,Navy Blue
583,3999,Purple
583,6499,Blue
583,3790,Green
583,6995,Teal
583,5599,Navy Blue
583,4999,Maroon
583,5999,Blue
583,6099,Black
583,6999,Beige
583,5599,Navy Blue
583,5199,Pink
583,6399,Turquoise Blue
583,5999,Red
583,6999,Yellow
583,6795,Maroon
583,6727,Yellow
583,5999,Coffee Brown
583,6745,Pink
583,6745,Teal
583,6248,Peach
583,3199,Magenta
583,4699,Yellow
583,3299,Pink
583,9600,Purple
583,3520,Black
583,5999,Yellow
583,6899,Green
583,6999,Navy Blue
583,5999,Pink
583,5999,Yellow
583,6999,Red
583,12497,Mustard
583,4299,Red
583,4699,Green
583,5999,Purple
583,5529,Maroon
583,3599,Blue
583,3999,Peach
583,7999,Pink
583,2999,Maroon
583,6999,Red
583,3999,Black
583,5499,Yellow
583,5999,Orange
583,6727,Olive
583,4799,Sea Green
583,8500,White
583,4999,Mustard
583,6795,Multi
583,10599,Red
583,6999,Navy Blue
583,4999,Pink
583,5999,Blue
583,5999,Turquoise Blue
583,6999,Red
583,6899,Grey
583,3499,Navy Blue
583,4999,Purple
583,6499,Blue
583,3999,Turquoise Blue
583,5599,Peach
583,3999,Blue
583,7399,Teal
583,5899,Mustard
583,2499,Yellow
583,6999,Mustard
583,5625,Green
583,6649,Turquoise Blue
194,3299,Rust
194,1999,Black
194,2049,Black
194,999,White
194,1749,Black
194,1999,Navy Blue
194,2149,Burgundy
194,1899,Maroon
194,3199,Grey
194,1999,Black
194,1299,Brown
194,1999,Red
194,2499,Red
194,3199,Off White
194,3699,Brown
194,2499,Grey
194,1199,Black
194,1899,Pink
194,1999,Grey
194,2099,Blue
194,2199,Grey
194,2199,Black
194,1999,Mustard
908,2199,Black
908,999,Black
908,1699,Beige
908,1499,Beige
908,1299,Brown
908,1899,Grey
908,1399,Navy Blue
908,1499,Pink
908,1299,Black
908,1199,Navy Blue
908,999,Black
908,1299,Black
707,1499,Black
707,1499,Black
707,1499,Grey
734,8050,Pink
734,5500,Grey
734,5100,Blue
734,3750,Purple
734,15000,Turquoise Blue
734,6800,Navy Blue
734,6350,Peach
734,5300,Green
734,6150,Pink
734,13500,Yellow
734,33350,Magenta
734,11900,Turquoise Blue
618,1299,Maroon
618,3699,Red
618,1199,Burgundy
618,999,Peach
618,3699,Pink
618,3499,Mustard
618,1299,Navy Blue
618,3749,Navy Blue
618,3499,Green
618,1299,Blue
618,1299,Navy Blue
618,3499,Maroon
618,3499,Blue
618,1299,Multi
618,1299,Black
618,1999,Navy Blue
618,1299,Blue
618,1199,Green
618,2499,Blue
618,999,Black
618,3999,Black
618,3499,Black
618,1199,Green
618,1199,Navy Blue
618,1299,Magenta
618,1299,Maroon
618,1299,White
618,1799,Beige
618,1299,Red
618,999,Grey
618,1399,Blue
618,3499,Olive
1007,2999,Black
1007,4499,Black
1007,2299,Black
1007,2899,Grey
1007,2899,Burgundy
1007,2899,White
1007,2999,Black
1007,2299,Black
1007,1999,Black
1007,2199,Navy Blue
1007,1999,Black
488,8649,Maroon
488,3199,Multi
488,6899,Pink
488,3149,Navy Blue
488,2649,Black
488,3989,Mustard
488,7799,Grey
488,4599,Green
488,8329,Mustard
488,10399,Teal
488,9299,Lavender
488,8329,Peach
776,3199,Beige
776,1699,Pink
776,2699,Maroon
776,1899,Green
776,2699,Green
776,2799,Mustard
776,3299,Maroon
776,1699,Beige
776,2499,Beige
776,2999,Lime Green
776,1899,Pink
776,1299,Pink
776,1499,Mustard
776,3799,Red
776,2999,Lavender
776,1699,Pink
776,3299,Teal
776,2499,Charcoal
776,1699,Purple
776,3299,Sea Green
776,3499,Black
776,4299,Black
776,1549,Peach
776,3799,Green
776,3399,Burgundy
776,1699,Pink
776,1699,White
776,1099,Navy Blue
776,3699,Maroon
776,4099,Blue
776,2799,Beige
776,3399,Orange
776,3499,Purple
776,3399,Pink
776,3399,Sea Green
776,3399,Green
776,1099,Navy Blue
776,2799,Mauve
776,1999,Pink
776,1699,Red
776,1199,Blue
776,1299,Pink
776,1799,Yellow
776,999,Mustard
776,1299,Beige
776,2999,Sea Green
776,1799,Fuchsia
776,1099,Yellow
776,1499,Navy Blue
776,999,Off White
776,1499,Red
776,5299,Blue
776,2599,Pink
776,4399,Blue
776,1999,Pink
776,1699,Pink
776,4099,Green
776,1299,Red
776,3299,Green
776,2799,Pink
776,2999,Purple
776,899,Blue
776,1499,White
776,3399,Black
776,3399,Green
776,4699,Pink
776,3199,Multi
776,2399,Navy Blue
776,4099,Burgundy
776,1699,Black
776,1699,Off White
776,2599,Grey
776,3899,Green
776,3899,Pink
776,3399,Green
776,3399,Rust
776,1899,Black
776,599,Yellow
776,1699,Blue
776,1699,Navy Blue
776,1699,Pink
776,2399,Black
776,1799,Mustard
776,3699,Orange
776,1799,Mustard
776,1299,Beige
776,3299,Blue
776,1999,Black
776,3799,Olive
776,1699,White
776,1299,Peach
776,2999,Navy Blue
776,1799,Blue
776,2299,Beige
776,3399,White
776,2299,Maroon
776,3299,Burgundy
776,3199,Turquoise Blue
776,3299,Black
776,4099,Pink
776,2999,Magenta
776,4099,Red
776,3699,Green
776,1799,Pink
125,999,Green
125,3200,Sea Green
125,1799,Pink
125,1399,Blue
125,2400,Yellow
125,1399,Sea Green
125,2599,Red
125,1599,Blue
125,1499,White
125,1479,Black
125,2399,White
125,3198,Black
125,2199,Red
125,2199,Blue
125,2199,Blue
125,1759,Black
125,1499,Black
125,1599,Peach
125,1699,Black
125,2399,Pink
125,2399,Green
125,1479,Yellow
125,2100,Pink
125,1499,Black
125,1899,Yellow
125,1759,Black
125,2100,Green
125,2400,Navy Blue
125,1899,Blue
125,1799,Black
125,1799,Maroon
125,1499,Green
125,2199,Red
125,1499,White
125,1799,Navy Blue
125,2599,Mustard
125,1599,Yellow
125,1699,Red
125,1299,Maroon
125,1899,White
125,1499,Navy Blue
125,1899,Pink
125,1699,Navy Blue
125,1699,White
125,1899,Yellow
125,2599,Green
125,1899,Green
125,2199,Maroon
125,1699,White
125,1799,White
125,2199,Yellow
125,1399,Black
125,2598,Black
125,1299,Pink
125,1290,Green
125,1799,Red
125,1799,Pink
354,1999,Cream
354,1199,Blue
354,2499,Multi
354,2499,Pink
354,2499,Gold
354,2499,Yellow
354,2499,Mustard
551,2999,Green
551,2499,Navy Blue
551,3499,Grey
551,5499,Black
551,2999,Black
551,2499,Off White
551,3499,White
551,2999,Green
551,4999,Black
551,2999,Pink
551,3499,Mustard
551,1299,Mauve
551,2999,Navy Blue
509,3999,Burgundy
509,3599,Navy Blue
509,2499,Pink
509,4999,Blue
509,3999,Teal
509,3999,Maroon
509,2999,Lavender
509,4499,Beige
509,2399,Navy Blue
509,3999,Green
509,1399,Red
509,4999,Green
509,1999,Blue
509,3999,Blue
509,3399,White
509,2999,Blue
509,1399,Peach
509,1899,Blue
509,9999,Blue
509,1599,Beige
509,7999,Grey
509,1299,Maroon
509,2799,White
509,999,Orange
509,5999,Burgundy
509,2999,Pink
509,1399,Blue
509,1299,Blue
509,1299,Green
509,1299,Black
509,2199,Green
509,1799,Orange
509,2999,Pink
509,2999,Black
509,1699,Beige
509,1799,Blue
509,3499,Navy Blue
509,1499,Pink
509,1399,Black
509,6499,Green
509,2999,Sea Green
509,1199,Blue
509,1399,Sea Green
509,1499,Black
509,1299,Blue
509,1499,Pink
509,4999,Peach
509,6499,Green
509,1299,Peach
509,999,Maroon
509,3299,Blue
801,3059,Maroon
801,5600,Pink
801,4497,Yellow
801,6399,Blue
801,30090,Off White
801,14000,Lavender
801,2199,Grey
801,4699,Green
801,4899,Pink
801,2999,Blue
801,3130,Charcoal
801,2699,Pink
801,2499,Sea Green
801,1789,Pink
801,3429,Coral
962,999,Lime Green
962,949,Off White
962,2149,Navy Blue
962,399,Red
962,999,Rust
962,1249,Cream
962,949,Black
962,1099,Pink
962,1299,Navy Blue
962,1299,Blue
962,999,Grey
962,1699,Red
962,749,Black
962,1249,Green
962,2199,Maroon
962,2399,Black
962,2149,White
962,849,Pink
962,1099,Sea Green
962,1249,Peach
962,949,Coral
962,949,Black
962,1299,Green
962,2199,Yellow
962,1349,Green
962,1799,White
962,899,Black
962,1249,Lime Green
962,1699,Navy Blue
962,999,Black
962,3999,Yellow
962,1149,Navy Blue
962,1199,Brown
962,1149,Blue
962,1049,Navy Blue
962,1649,White
962,1549,Green
962,999,Navy Blue
962,1249,Pink
962,999,Black
962,2849,Pink
962,1749,Beige
962,999,Black
962,1049,Navy Blue
962,949,Navy Blue
962,2399,Red
962,2449,Brown
962,1049,Blue
962,1749,Navy Blue
962,2949,Blue
962,1399,Yellow
962,2049,Black
962,1199,Grey
962,1399,Grey
962,1199,Orange
962,999,Off White
962,2549,Black
962,1149,Grey
962,1199,Pink
962,999,Pink
962,1899,Turquoise Blue
962,1399,Blue
962,1349,Blue
962,1049,Grey
962,999,Peach
962,1049,Pink
962,1249,Green
962,1049,Green
962,999,Mustard
962,1099,Green
962,6799,Red
962,2349,Green
962,999,White
962,1199,Pink
962,899,Beige
962,999,Navy Blue
962,1049,Green
962,2149,Green
962,999,Blue
962,1199,Red
962,799,Navy Blue
962,999,Grey
962,1899,Rust
962,1199,Yellow
962,1849,Red
962,1899,Black
962,3649,Yellow
962,1549,Navy Blue
962,1949,Navy Blue
962,1549,Red
962,1149,Navy Blue
962,949,Pink
962,1299,Green
962,3299,Yellow
962,2349,Black
962,2199,Off White
962,1349,Green
962,1049,Pink
962,2549,Off White
962,2149,Black
962,1049,Turquoise Blue
962,849,Mustard
962,4399,Mauve
962,3199,Yellow
962,949,Orange
962,2199,Peach
962,2649,Turquoise Blue
962,3949,Mauve
962,1449,Green
962,1749,Mustard
962,1299,Lime Green
962,3249,Sea Green
962,2799,Turquoise Blue
962,799,Green
962,1349,Green
962,1699,Peach
962,1149,Black
962,2999,Peach
962,1099,Pink
962,1749,Mauve
962,2549,Grey
968,6999,Teal
968,1699,Pink
968,1699,Black
968,1199,Gold
968,3599,Green
968,3999,Off White
968,1799,Black
968,1899,White
968,3999,Green
968,1899,Black
968,1999,Green
968,1699,Lime Green
968,1999,White
968,1999,Pink
968,3599,Black
968,1999,Coral
968,1999,Lime Green
968,1799,Maroon
968,3999,Off White
968,2099,Teal
968,1599,Blue
968,599,Navy Blue
968,1499,Black
968,2799,Pink
968,1299,Navy Blue
968,1499,Pink
968,1799,Pink
968,1199,Beige
968,899,Lime Green
968,2999,Navy Blue
968,1799,Green
968,1899,Cream
968,4999,Off White
968,1799,Navy Blue
968,1299,Beige
968,1899,Blue
968,1699,Navy Blue
968,1899,Pink
968,2499,Beige
968,2499,Peach
968,1799,Pink
968,5999,Off White
968,999,Navy Blue
968,1699,Beige
968,899,Green
968,2099,Red
968,2799,Green
968,1699,Green
968,1599,Pink
968,6999,Gold
968,1699,Yellow
968,3999,Navy Blue
968,1799,Black
205,2999,Pink
205,1499,Grey
205,1499,Red
205,1499,Peach
205,1099,Grey
205,1099,Blue
205,1099,Black
205,1099,Green
205,1099,White
205,1499,Turquoise Blue
205,899,Black
205,899,Red
845,1599,White
845,1499,Off White
845,1299,Multi
845,1399,White
845,1399,Pink
845,1049,Black
845,1299,Green
845,1499,Silver
845,1299,Mustard
845,999,Purple
845,1299,Red
845,1799,Green
845,899,Olive
845,1499,Blue
845,1299,Off White
845,1299,Black
845,1999,Black
845,999,Olive
845,1299,Off White
845,1049,Off White
845,2500,Maroon
845,1049,Tan
845,999,White
845,1299,White
845,1049,Maroon
845,1099,Mustard
845,1599,White
845,1799,Green
845,1999,Pink
845,1299,Navy Blue
845,1049,Grey
845,999,Black
845,1699,White
37,6000,Beige
37,5504,Maroon
37,5500,Black
37,2210,White
37,2550,Off White
37,2950,Black
37,1890,Rust
37,2247,White
37,1971,Peach
37,1557,Maroon
37,3100,Lime Green
37,5500,Burgundy
37,2650,Grey
37,3055,Orange
37,5300,Red
37,6550,Peach
37,5504,Maroon
37,2934,Black
37,4662,Olive
7,2099,Black
7,1899,Black
7,1899,Off White
7,1999,Pink
7,1999,White
418,1149,White
418,1599,White
418,2199,Navy Blue
418,1299,Green
418,1299,Olive
418,4649,Pink
418,2099,Grey
418,1299,Turquoise Blue
418,4449,Mustard
418,1299,Blue
418,1299,Cream
418,2099,Green
418,1299,Yellow
418,1299,Olive
418,1949,Grey
418,2099,Maroon
418,3049,Pink
418,1599,Red
418,1299,Blue
418,1149,Pink
418,2099,Burgundy
418,2099,Olive
418,1599,Purple
418,1599,Pink
418,1949,Rust
418,1599,Mustard
418,1599,Beige
418,1499,Blue
418,2399,White
418,1149,Black
418,5499,Turquoise Blue
418,1249,Mustard
554,1699,Navy Blue
554,2199,Black
554,2199,Pink
554,1799,Orange
554,3499,Mustard
554,1599,White
554,1899,Blue
554,1699,White
554,2499,Blue
554,1099,Grey Melange
554,2699,Navy Blue
554,2099,Blue
554,1999,Charcoal
554,1899,Grey Melange
554,1599,Orange
554,1499,Pink
554,2299,Blue
554,2799,Teal
554,1799,Navy Blue
554,1399,Off White
554,3699,Grey
554,2999,Pink
554,1299,Blue
554,1499,Blue
554,1599,Rust
554,2799,Peach
554,1499,White
554,2099,Navy Blue
554,2499,Green
554,1899,Navy Blue
554,1499,Sea Green
554,2199,Blue
554,1299,Navy Blue
554,749,Peach
554,2799,Mustard
554,4299,Coffee Brown
554,1299,Pink
554,1599,Rust
554,1799,Blue
554,1699,Blue
554,1699,Grey Melange
554,1999,Red
554,1499,Blue
554,1299,Navy Blue
554,2399,Peach
554,1299,Black
554,2999,Teal
554,1299,Red
554,1599,Yellow
554,1699,Navy Blue
554,1299,Green
554,1699,Blue
554,899,Red
554,1099,White
554,2199,Taupe
554,1799,Burgundy
554,1699,Navy Blue
554,3699,Maroon
554,2199,Navy Blue
554,2999,Red
554,1899,Pink
554,4699,Blue
554,3499,Navy Blue
554,2799,Blue
554,4299,Navy Blue
554,3499,Grey
554,1999,Black
554,4299,Green
554,1999,Blue
554,2299,Yellow
554,1999,Blue
554,1299,Teal
554,2699,Navy Blue
554,2999,Pink
554,1999,Blue
554,1899,Blue
708,3499,Black
708,3499,Blue
708,6999,Black
708,1999,Black
708,2199,Peach
708,1499,Pink
708,1999,Grey
692,1299,Black
692,1299,Black
692,1299,Lavender
692,1299,White
692,1299,Rust
943,3799,Navy Blue
943,3999,Red
943,3999,Navy Blue
943,1899,Maroon
943,1499,White
943,2599,Maroon
943,2299,Brown
943,1999,Pink
943,1499,Blue
943,2999,Olive
691,1999,Black
691,1999,Black
691,1899,Black
691,1999,Grey
691,2499,Beige
691,2199,White
691,1299,White
691,2199,White
691,1299,Navy Blue
691,1499,Teal
413,1099,Olive
413,1499,Sea Green
413,1399,Navy Blue
413,1499,Blue
413,1199,Brown
258,999,Black
258,999,Off White
258,1398,Black
258,699,Navy Blue
258,1299,Off White
258,1299,Black
258,1499,Black
945,1999,Mustard
945,2799,Yellow
945,1399,White
945,4999,Pink
945,1899,White
945,2999,Red
945,4999,Magenta
945,6599,Lavender
945,2199,Yellow
945,3599,Pink
945,1499,Silver
945,1999,Black
945,3299,Purple
945,1799,Black
945,2999,Navy Blue
945,2999,Navy Blue
945,6999,Pink
945,4999,Teal
945,3699,Pink
945,3499,Rust
945,4999,Red
945,3299,Maroon
945,1999,Pink
945,2999,Black
945,3299,Off White
945,2999,White
945,4599,Red
945,2999,White
945,3299,Orange
945,1999,Orange
945,2399,Rust
945,3399,Off White
945,2999,Maroon
945,5499,Olive
945,2299,Black
945,1499,Black
945,2199,Pink
945,2999,Mustard
945,3999,Grey
945,6999,Green
945,2299,Black
945,2799,Blue
945,4999,Blue
945,4199,Black
945,1599,Beige
945,1299,Pink
945,2999,Orange
945,2499,Grey
945,1399,Off White
945,2399,Off White
945,2199,Orange
945,3599,Red
945,1299,Off White
945,1599,Maroon
945,3999,Sea Green
945,4499,Pink
945,4399,Maroon
945,2699,Maroon
945,2699,Rust
945,4599,Mustard
945,2499,Black
176,2665,Black
176,2665,Black
176,3330,Multi
176,3330,Multi
176,3330,Black
176,3249,Pink
176,2330,Olive
176,3330,Olive
176,2330,Black
176,2330,Navy Blue
176,3330,Navy Blue
603,3250,Pink
603,3250,Pink
603,3000,Teal
603,3250,Sea Green
603,3250,Yellow
603,3250,Pink
46,3795,Green
829,2499,Black
829,2499,Grey
890,2499,Blue
890,1999,White
287,3699,Pink
287,4299,Blue
287,4899,Turquoise Blue
287,4899,Red
287,1299,Orange
531,1299,Blue
531,1299,Blue
133,1299,Taupe
133,5995,Beige
133,2999,Rust
133,4599,Blue
133,1999,Mustard
133,699,Pink
133,2999,Green
133,699,Maroon
133,3999,Mustard
133,4995,Green
133,3999,White
133,3999,Blue
133,5995,Black
133,1599,Black
133,2799,Teal
133,4995,Yellow
133,899,Navy Blue
133,3599,Orange
133,1999,Coral
133,2799,Red
133,1299,Assorted
133,2599,Beige
133,8995,Black
133,1599,Off White
133,3999,Teal
133,2599,White
133,2999,Red
133,2999,Sea Green
133,1799,Beige
133,2599,Blue
133,999,Blue
133,3599,Blue
133,5995,Red
133,3599,Off White
133,10950,Navy Blue
133,6500,Pink
133,899,White
133,2599,Red
133,999,Off White
133,3999,Orange
133,4299,Black
133,3799,White
133,8995,Blue
133,1299,Cream
133,1199,Turquoise Blue
133,2599,Maroon
133,5995,Green
133,3599,Red
133,1599,Coral
760,1999,Black
760,1799,Beige
760,1699,White
760,1499,Grey Melange
760,1599,White
760,1699,Grey
760,1599,Off White
760,1699,Black
760,1699,Beige
760,2099,Red
760,1599,Black
760,1599,Pink
760,1999,Black
760,1999,Rose
760,2099,Off White
760,2299,Black
760,1999,Red
760,1999,Off White
760,1299,Black
760,1199,Grey
760,1199,Grey
760,1199,Pink
131,1799,Blue
131,1799,Black
131,1799,White
131,1799,White
131,1799,Mustard
131,2999,Mustard
131,1899,Pink
131,1699,Navy Blue
131,2549,Yellow
131,1799,Navy Blue
131,1499,Maroon
131,1799,Red
131,1799,Mustard
131,1799,Blue
131,1799,Off White
131,3599,Blue
131,1860,Black
131,1999,Black
131,1799,Black
131,1999,Green
131,1999,Red
131,1799,Blue
131,1999,Orange
131,1799,Red
131,4499,Off White
131,1999,Black
131,1899,Off White
131,1799,Pink
131,1799,Blue
131,3599,Red
131,1799,Red
131,1699,Black
131,1799,Peach
131,1799,Red
131,1799,Navy Blue
131,3599,Mustard
131,2999,Maroon
131,2999,Navy Blue
131,1799,Blue
131,1799,Blue
131,1799,Red
131,3999,Purple
131,1799,Red
131,3999,Orange
141,3745,Mustard
141,2299,Pink
141,3247,Orange
141,2497,Red
956,1980,Red
956,1170,White
956,2370,Maroon
956,1170,Mustard
956,2370,Maroon
956,2370,Navy Blue
956,2370,Black
956,1170,White
956,1290,Red
956,1170,Black
70,1299,Multi
653,1299,Olive
653,1299,Beige
653,2099,Blue
653,1999,Blue
653,2099,Brown
653,1999,Black
653,1499,Blue
653,1299,Black
653,1999,Blue
653,1299,White
653,2599,Multi
653,1099,Grey
579,2449,Teal
579,2299,Black
579,3995,Mustard
579,2099,Blue
579,2899,White
579,1899,Blue
579,2299,Blue
579,1249,Maroon
579,2399,White
579,2699,Blue
579,2899,White
579,2299,Black
579,3195,Blue
579,2399,Green
579,2299,Blue
579,2249,Blue
579,1999,Maroon
579,1899,Black
579,1999,Blue
579,1899,Navy Blue
579,1349,Maroon
579,1999,Blue
579,2399,Black
579,2399,Black
579,2249,Navy Blue
579,3199,Green
579,2299,Black
579,2249,Black
579,2149,Black
579,2349,Black
579,2349,Black
579,2849,Blue
579,2299,Blue
579,2199,Black
579,2549,Maroon
579,2199,Black
579,1999,Mustard
579,2399,Navy Blue
579,1899,Black
579,2199,Blue
579,2899,Maroon
579,1649,Maroon
579,1749,Blue
579,2249,Blue
579,2399,Navy Blue
579,1349,White
579,2349,Navy Blue
604,1999,Off White
604,6499,Pink
604,1699,Black
604,1899,Pink
604,1899,White
604,1499,White
604,1999,Black
604,5499,Green
604,4999,White
604,1999,Green
604,1299,Green
604,1299,Red
604,1399,Grey
604,1399,Pink
604,1299,Multi
604,1299,Black
604,2499,Beige
604,3999,Red
365,1399,Black
365,1249,Blue
365,1499,Black
365,2299,White
365,1299,Black
365,2059,Blue
365,1699,Blue
365,1249,Blue
365,1299,Blue
365,2299,Blue
365,1799,Blue
365,2299,Black
365,2299,Grey
365,1199,Blue
365,1199,Grey
365,2299,White
365,2299,Grey
365,1249,Blue
365,2199,Blue
365,1399,Black
365,2299,White
365,1249,Navy Blue
365,1499,Black
365,1399,Blue
365,2059,Blue
365,2299,White
365,2299,Black
365,2349,Blue
365,2299,Black
365,1199,Blue
365,2599,Grey
365,1199,Olive
365,1899,Black
365,1299,Blue
365,1999,Blue
365,999,Blue
365,1149,Black
365,1999,Grey
365,1999,Brown
365,1249,Blue
365,1199,Grey
365,1399,Blue
365,2199,Blue
365,2299,Blue
365,1999,Green
365,999,Blue
365,999,Blue
365,1999,Black
365,2299,Blue
365,1999,Blue
365,1499,Grey
365,1299,Blue
365,1299,Grey
365,2299,Grey
365,1299,Blue
627,2999,Black
397,4599,Blue
397,4999,Burgundy
397,1999,Blue
397,6199,Yellow
397,4399,Green
397,6999,Off White
397,5999,Pink
397,3499,Blue
397,2699,Burgundy
397,3999,Black
397,6599,Green
397,5299,Peach
397,6199,Pink
397,2799,Sea Green
397,2799,Black
397,2099,Green
397,2599,Navy Blue
397,2499,Orange
397,4599,Green
397,1999,Teal
397,1599,Maroon
397,5999,Red
397,5299,Black
397,3399,Navy Blue
397,5599,Grey
397,5999,Peach
397,6999,Maroon
397,999,Orange
397,6999,Off White
397,2699,Purple
397,6999,Beige
397,7999,Grey
397,5399,Green
397,6999,Off White
397,6799,Peach
397,1399,Blue
397,3499,Burgundy
397,7999,Rust
397,2499,Navy Blue
397,5799,Black
397,2999,Maroon
397,1299,Brown
397,6999,Red
397,2699,Purple
397,1799,Navy Blue
397,4799,Pink
397,2499,Black
397,2499,Red
397,999,Navy Blue
397,4799,Green
397,3499,Black
130,2549,White
726,1497,Beige
726,1663,Grey
726,4330,Yellow
726,819,Beige
726,2996,Rust
726,1663,Navy Blue
726,2663,Blue
726,3312,Turquoise Blue
726,819,Beige
726,4330,White
726,1663,Green
726,1996,White
726,1996,Maroon
726,1996,Yellow
726,1663,Blue
673,1495,Black
673,2195,Maroon
673,1495,Pink
673,1495,Maroon
673,1495,Brown
673,1495,Red
673,1495,Red
673,3695,Beige
673,3695,Red
673,4395,Beige
673,1495,Peach
673,1995,Black
673,3095,Beige
408,5399,Red
408,7299,Teal
408,7399,Brown
408,3249,Beige
408,8299,Mustard
408,1799,Blue
408,8299,Pink
408,7299,White
408,2999,Navy Blue
408,8299,Red
408,9999,Peach
408,1799,Pink
408,6199,Red
408,2999,Black
408,6599,Pink
408,5749,Teal
408,6599,Red
408,6199,Red
309,1999,White
309,2299,Blue
309,1899,Blue
309,2499,Blue
309,2499,Charcoal
309,1899,Grey
309,2199,Blue
309,3199,Blue
309,3699,Black
309,1899,Blue
309,2099,Black
309,2299,Pink
309,1899,Blue
309,1899,Pink
309,2199,Black
309,1299,Black
309,1899,Turquoise Blue
309,1699,Pink
309,2499,Black
309,2299,Beige
309,2599,Pink
309,2249,Black
309,2099,Maroon
309,2099,Black
309,1899,Grey
309,2399,Blue
309,2499,Blue
309,1499,Blue
309,1899,Blue
309,1899,Black
309,2299,Blue
309,1899,White
309,2249,Blue
309,2299,Blue
504,3999,Brown
504,3999,Red
504,3999,Black
706,2999,Olive
706,3299,Grey
706,2999,Pink
706,4499,Pink
706,2999,Purple
706,4999,Black
706,2999,Blue
706,6999,Black
706,3999,White
439,2499,Pink
439,1799,Off White
439,1499,Pink
439,849,Teal
439,4199,Green
439,2999,Black
439,1049,Mustard
439,2799,Teal
439,1799,Blue
439,1799,Navy Blue
439,1299,Black
439,1699,White
439,2699,Grey
439,4598,Blue
439,1799,Navy Blue
439,5048,Black
439,3198,Cream
439,1399,Olive
439,4399,Blue
439,1699,Grey
439,1999,Green
439,1299,Lime Green
439,1499,Cream
439,2098,Sea Green
439,1799,Yellow
439,1299,Off White
439,3799,Green
439,1299,Gold
960,4999,Lime Green
3,2995,Black
3,2295,Black
3,1995,Blue
3,2195,Peach
3,1995,Maroon
3,2395,Blue
3,1795,Green
3,1495,Pink
77,2199,Sea Green
77,2199,Rust
77,2299,Teal
77,1649,Burgundy
77,1659,Pink
77,1659,Green
77,2290,Black
77,2290,Black
77,1659,Navy Blue
77,2250,Burgundy
77,2299,Navy Blue
77,2600,Black
77,1659,Maroon
77,2599,Blue
214,1699,Mustard
214,3199,Rust
214,3199,Grey
214,1799,Green
214,2499,Brown
214,1199,Green
897,1998,Pink
897,2998,Blue
897,2998,Navy Blue
897,1998,Brown
897,4198,Off White
897,3198,Burgundy
897,2699,Pink
897,1498,Green
897,1598,Grey
897,1998,Blue
897,2198,Pink
897,3198,Maroon
1,1699,Black
1,2499,Black
356,1399,Pink
356,1199,Pink
356,999,Mustard
356,1299,Pink
356,1199,Pink
356,999,Black
356,1999,Black
356,1299,Blue
356,1299,Maroon
356,2199,Grey
356,999,Pink
356,1299,Blue
356,4499,Grey
356,1199,Maroon
356,1299,Mustard
356,1199,Purple
356,1999,Pink
356,1999,Pink
356,999,Mustard
356,1299,Pink
356,1099,Navy Blue
356,999,Mustard
356,1199,Navy Blue
530,1699,Blue
530,1799,Blue
530,1699,Charcoal
530,1299,Fuchsia
530,1799,Green
530,1799,White
530,2299,Green
530,1999,Pink
530,2499,Mauve
530,2699,Navy Blue
357,1498,Black
357,1499,Sea Green
357,1598,Maroon
357,2699,Black
357,1898,Black
357,3199,Sea Green
357,998,Maroon
357,1499,Pink
357,1599,Pink
357,1698,Black
357,2098,Pink
357,1699,Blue
357,1898,Navy Blue
357,1898,Black
357,1598,Grey
357,1699,Green
357,2499,Peach
357,1799,Mustard
357,1998,Charcoal
357,1699,Black
357,1699,Red
357,1998,Navy Blue
357,1999,Navy Blue
357,1399,White
357,1898,Charcoal
357,1599,Blue
674,3599,Navy Blue
674,3599,Pink
1011,2369,Black
1011,4897,Coral
1011,2369,Maroon
1011,2369,Pink
1011,4599,Blue
1011,2369,Pink
1011,5599,Brown
314,4400,Blue
314,4400,Navy Blue
314,4000,Pink
557,1195,Black
557,1795,Black
557,895,Black
557,2195,Black
557,995,Black
557,1195,Pink
557,1095,Maroon
557,1495,Maroon
557,1395,Red
557,2495,Maroon
557,1395,Pink
557,2195,Black
557,2095,Grey
557,995,Navy Blue
557,1095,Navy Blue
557,995,Peach
557,1295,Coral
557,1195,Magenta
936,2999,Black
936,1899,Rust
162,4999,Brown
162,3299,Grey
162,4999,Beige
162,2699,Black
162,2499,Pink
162,1299,Black
162,2499,Blue
162,2499,Blue
162,2699,Black
162,3299,Grey
162,1999,Maroon
162,3299,Green
162,2699,Brown
162,2499,Grey
162,1699,Grey Melange
162,1899,Maroon
162,2499,Blue
162,1699,Navy Blue
162,1699,Mustard
162,2499,Cream
162,2499,Grey
162,1699,Blue
162,1699,Black
162,999,White
162,1699,Black
162,1899,Blue
162,1999,Pink
162,1499,Pink
162,2199,Olive
162,2499,Brown
162,2699,Navy Blue
162,1999,Black
162,3499,Orange
162,2499,Blue
162,3299,Mustard
1014,2499,Mustard
1014,2499,Black
1014,2299,Blue
1014,3999,Blue
1014,2899,Pink
1014,2899,Olive
1014,1799,Grey
1014,1999,Blue
1014,4999,White
1014,2899,Blue
405,1199,Pink
405,1999,Black
405,1799,Gold
405,1199,Black
405,1999,Silver
405,2799,Black
405,999,Navy Blue
405,1999,Gold
405,2899,Gold
336,1999,Mustard
336,1799,Cream
336,999,Navy Blue
336,1599,Blue
336,1399,Beige
336,2199,Grey
336,2699,Off White
336,1999,Red
336,1699,Pink
336,1699,Off White
336,1799,Pink
336,1799,Off White
336,1699,Black
336,1999,Yellow
336,1599,Turquoise Blue
336,2799,Sea Green
336,1799,White
336,1699,Green
336,1899,Red
336,2099,Turquoise Blue
336,2099,Pink
336,1399,White
336,1499,Yellow
336,1499,Gold
336,3799,Rust
336,1699,Off White
336,2399,White
336,1199,White
336,2799,Navy Blue
336,1599,Green
336,1699,Teal
336,1599,Blue
336,1599,Teal
336,2299,Blue
336,1699,Blue
336,1699,Mustard
336,1899,White
336,1899,Yellow
336,2099,Maroon
431,1589,Black
431,679,Grey
431,439,Grey
431,295,Black
431,1799,Charcoal
431,329,Pink
969,5000,Yellow
958,4499,Black
958,2499,Grey
958,4299,Pink
958,4999,Pink
958,2799,Blue
958,2999,Black
958,2499,Grey
958,5799,Pink
958,5499,Black
958,3799,Pink
958,2299,Blue
958,2799,Pink
958,1799,Brown
958,5299,Red
958,2799,Beige
958,2499,Pink
958,3499,Black
958,1999,Black
958,2299,Maroon
958,3499,Blue
958,2499,Orange
958,4499,Purple
958,1299,Brown
958,3299,Blue
958,2499,Pink
958,2299,Navy Blue
958,1799,Blue
958,1999,Blue
958,3999,Brown
958,3299,Blue
958,1899,Olive
958,3799,Blue
958,3299,Grey
958,4999,Coral
958,4499,Blue
958,2999,Off White
958,2299,Lime Green
958,3999,Black
958,1799,Pink
958,2799,Blue
727,1299,Orange
727,1899,Pink
727,1899,Green
727,1299,Orange
207,1499,White
207,1199,Black
207,1199,Black
207,1199,Black
207,1199,Black
207,1499,Green
207,1499,Pink
207,1999,Brown
381,1499,Black
381,1399,Black
381,1199,Black
381,985,Rust
381,1199,Olive
381,985,Navy Blue
381,1299,Yellow
381,1299,Yellow
381,985,Grey
381,999,Burgundy
381,999,Khaki
381,985,Blue
507,4599,Blue
507,3699,Blue
507,4599,White
507,3699,Blue
507,4599,Grey
507,4299,Blue
507,2899,Black
507,4299,Blue
507,2899,Beige
507,3399,Blue
507,4599,Blue
507,1599,Blue
507,3199,Magenta
507,4299,Blue
507,4599,Navy Blue
507,2899,Blue
507,2799,Blue
507,3799,Blue
507,3599,Pink
507,1999,Navy Blue
507,2599,Blue
507,4599,Blue
507,2299,Yellow
507,3299,Blue
507,3699,Blue
952,1399,Green
952,4999,Blue
952,1999,Pink
952,2470,Blue
952,6969,Yellow
421,3059,Black
421,1599,Blue
421,1699,Green
421,1199,Teal
421,2949,Cream
421,1299,Navy Blue
421,1399,Red
421,1198,Black
421,1199,Pink
421,1199,Blue
421,899,Black
421,1299,Blue
421,1498,Blue
421,1299,Off White
421,1198,Beige
421,1798,Blue
421,3799,Red
421,1599,Navy Blue
421,1498,Orange
421,1299,Pink
421,1599,Blue
421,969,Black
921,1899,Black
921,1699,Red
921,1899,Olive
921,1699,Purple
921,1499,Black
921,1699,Mustard
921,1899,Purple
921,1699,Peach
921,1899,Red
921,1699,Green
921,2899,Black
921,1999,Green
921,1999,Lavender
921,1699,Mustard
921,1699,Green
921,1999,Olive
921,1699,Navy Blue
921,1699,Maroon
232,2499,White
773,3999,Turquoise Blue
660,2499,White
660,2499,Black
660,1899,Black
660,2199,Black
660,1999,Cream
660,1699,Brown
660,1699,Black
660,1599,Rust
660,1399,White
660,1899,Navy Blue
660,1999,Yellow
660,1849,Multi
660,2249,White
660,1899,Blue
660,1699,Yellow
660,1999,Black
660,2199,Multi
660,1899,Pink
660,1499,Blue
660,1199,Navy Blue
660,1899,Maroon
660,2499,Multi
660,1749,Black
660,1699,Olive
660,1999,Coral
179,1399,Cream
179,1599,White
179,1599,Yellow
179,999,Red
179,899,Maroon
179,899,Navy Blue
179,1199,Green
179,1399,Off White
179,1199,Off White
179,1199,White
179,999,White
179,999,Off White
179,999,Navy Blue
179,1399,Burgundy
179,1299,Magenta
179,999,Off White
179,1099,Maroon
179,1699,Red
179,999,Red
179,1499,Maroon
179,1399,White
179,1599,Gold
179,1099,White
179,1399,Black
179,1599,Red
179,999,Cream
179,1599,Green
179,1599,Mustard
179,1399,Red
179,999,Cream
179,999,Black
179,1099,Navy Blue
179,1499,Cream
179,1399,Black
179,999,Black
179,1499,White
179,1999,Black
179,1799,Teal
179,1799,Red
179,1399,Turquoise Blue
179,2399,Black
179,999,Magenta
179,999,Cream
179,1699,Beige
179,1999,Navy Blue
179,1999,Beige
179,999,Black
179,999,Off White
179,999,White
179,2399,Cream
179,999,Magenta
179,999,Beige
179,999,White
179,1099,Magenta
179,1599,Multi
179,1599,Green
179,1299,White
179,1399,Navy Blue
179,899,Off White
179,2399,Navy Blue
179,2399,White
179,2399,Black
179,899,Red
179,1299,Grey
179,999,Navy Blue
179,1299,Beige
179,999,Coffee Brown
179,999,Teal
179,1599,Blue
179,899,White
179,899,Grey
179,1399,Maroon
179,1399,Magenta
179,1299,Maroon
179,899,Blue
179,1399,Black
179,999,Beige
179,1399,Black
179,1399,Navy Blue
179,1299,Black
179,1499,Red
179,2699,Maroon
179,1599,Navy Blue
179,1799,Cream
179,2699,Mustard
179,1799,Mustard
179,2399,White
179,2399,White
179,1799,Magenta
179,999,Beige
179,1399,Black
179,1999,Cream
179,1199,Navy Blue
179,999,Red
179,1099,Off White
179,999,Teal
179,1299,Maroon
179,1599,Maroon
179,999,Navy Blue
179,899,Magenta
179,1599,Off White
179,899,Mustard
930,2499,Burgundy
930,1999,Black
930,2299,Black
930,2299,Maroon
930,1999,Brown
930,2399,Black
930,1999,Red
930,1699,Black
930,1999,Maroon
930,1999,Gold
930,1699,Black
930,2499,Black
668,999,Green
668,999,Black
668,999,Blue
668,999,Green
668,999,Blue
668,999,Maroon
668,999,White
832,598,Gold
832,3998,Pink
832,298,Navy Blue
832,3498,Green
832,1298,Turquoise Blue
832,5998,Red
832,1998,Pink
832,3498,Pink
832,1498,Off White
832,1498,Off White
832,1498,Black
832,2998,Green
526,2999,Yellow
526,2499,Black
858,3500,Pink
858,3050,Peach
858,2745,Olive
858,3745,Blue
858,3500,Gold
858,2570,Multi
858,2450,Pink
858,2700,Maroon
858,2675,Rust
858,5308,Green
858,4400,Beige
858,6770,White
858,3000,Brown
858,4000,Pink
858,3300,Beige
858,2605,Mustard
858,2700,White
858,5731,Beige
858,4540,Multi
858,7385,Green
858,6462,Maroon
858,2570,Blue
858,4077,Navy Blue
22,1749,Black
22,4449,Green
22,2179,Yellow
22,1300,Off White
323,869,Black
323,869,White
323,489,Black
323,789,Maroon
323,1049,White
323,978,Blue
896,1050,Grey
722,1595,Green
722,699,Black
722,899,Yellow
722,1395,Black
722,6795,Peach
722,1295,White
722,1499,Green
722,1395,Sea Green
451,1499,Red
866,1399,Maroon
866,1399,Yellow
866,2299,Blue
866,3199,Black
866,2399,Yellow
866,1399,Teal
866,2299,Navy Blue
866,1399,Navy Blue
866,3199,Rust
866,1699,Navy Blue
866,2599,Navy Blue
866,1499,Rose
866,1699,Red
866,2499,Green
866,1399,Pink
866,1899,Green
866,2399,Peach
866,4699,Burgundy
866,2399,Green
866,1799,Magenta
260,2248,Green
260,1998,Black
260,2123,Grey
217,1999,Green
217,2490,Off White
217,1299,Fuchsia
217,1999,Black
217,1890,Mustard
496,2900,Teal
759,3649,Mustard
759,3199,Blue
122,1799,Maroon
122,1699,Green
122,1799,Black
122,1595,Purple
122,1699,Red
122,1599,Red
122,2599,Purple
122,1999,Green
122,1999,Beige
122,2199,Beige
122,1999,Burgundy
122,2499,Navy Blue
122,1595,Red
122,1599,Pink
122,1999,Pink
122,3999,Blue
122,1199,Mustard
122,1799,Off White
122,1899,Burgundy
122,2499,Blue
122,2499,Pink
122,1999,Blue
122,1999,Orange
122,1699,Black
122,1599,Navy Blue
882,1999,Purple
882,1999,Turquoise Blue
882,1499,Black
882,2499,Navy Blue
882,1499,Black
882,1299,Red
882,1299,Green
882,1299,Black
882,1299,Fluorescent Green
882,1999,Burgundy
882,2299,Multi
160,999,White
160,899,Maroon
717,2195,White
717,2495,Burgundy
717,2195,Multi
717,2695,Pink
717,2400,Black
850,3200,Pink
850,3100,Black
850,2600,Mustard
850,1699,Beige
850,1699,Turquoise Blue
850,2099,Blue
850,3599,Green
478,1799,Red
478,2199,Yellow
478,1999,Black
478,2199,Pink
478,2199,Lavender
478,2099,White
478,1999,Navy Blue
762,1760,White
762,1760,Red
762,2250,White
762,1760,Pink
762,1760,Pink
762,2250,White
762,1760,Pink
762,1760,Mustard
762,1760,Green
446,2000,Beige
446,2100,Teal
446,2099,Navy Blue
446,1700,Maroon
446,1700,Red
446,2099,Navy Blue
446,1700,Grey
446,1700,Grey
446,1700,Navy Blue
446,1400,Charcoal
446,2000,Green
446,2800,Navy Blue
446,1800,Charcoal
454,899,Pink
454,699,Black
454,699,Blue
441,2998,Pink
441,1998,White
441,1998,Maroon
441,1998,Yellow
441,2998,Grey
441,1998,Pink
441,2998,Navy Blue
441,2998,Red
441,1398,Navy Blue
441,1998,Maroon
853,999,Grey
853,699,Grey
853,399,Grey
853,2399,White
853,799,Blue
767,999,Black
767,3099,Peach
767,999,Navy Blue
767,999,Red
767,999,Black
767,1155,Beige
104,1199,Teal
104,1699,Beige
104,1199,Yellow
104,1099,Navy Blue
104,1199,Charcoal
104,1499,Black
104,1499,Grey
998,3499,Lavender
998,1399,Green
998,3499,Peach
998,2499,Blue
998,1699,Green
998,1699,White
998,999,Navy Blue
998,3499,Pink
699,3298,Pink
699,4498,Blue
699,3498,Black
999,2199,Pink
999,4299,Pink
999,4299,Grey
999,2799,Blue
999,3499,Black
999,3999,Maroon
999,3999,Purple
999,2799,Green
999,3499,Burgundy
999,4299,Mustard
999,1399,Blue
700,1899,Black
700,1599,Green
700,1699,Grey
700,1599,Black
700,1699,Maroon
615,3899,Navy Blue
615,3899,Blue
615,3899,Blue
615,3899,Green
615,6699,Red
615,5359,Black
484,3295,Blue
484,1295,Blue
484,1595,Teal
484,1895,Olive
484,1295,Black
800,7999,Brown
800,7999,White
800,6999,Maroon
900,999,Black
900,999,Green
900,999,Green
900,999,Green
900,1499,Pink
900,999,Maroon
900,2599,Pink
562,1399,Green
562,4499,Navy Blue
562,999,Pink
562,4499,Red
562,2199,Pink
581,3490,Peach
581,4640,Blue
581,3840,Black
581,2490,Green
581,4340,Black
581,3640,Black
581,3340,Black
581,3440,Black
581,6890,Cream
581,6890,Black
581,6240,Cream
581,8540,Black
581,7490,White
581,3690,Blue
165,1199,Sea Green
165,1599,Green
165,1499,Green
165,1499,Black
297,2799,Beige
821,2880,Pink
821,3520,Red
821,4299,Navy Blue
821,2800,Navy Blue
821,4495,Green
821,2796,Purple
821,6250,Beige
821,5199,Turquoise Blue
821,6250,White
821,2800,Black
821,4999,Green
455,2299,Blue
455,1799,Black
225,7999,Pink
225,1599,Pink
225,1399,Navy Blue
225,1599,Turquoise Blue
225,5399,Navy Blue
225,5199,Blue
225,4999,Cream
642,1699,White
642,1699,Rose
642,2199,Khaki
642,1699,Black
744,1199,Grey
744,1099,Black
744,1299,Navy Blue
744,999,Black
744,1799,Blue
744,1099,Purple
744,1099,Black
744,1299,Black
744,1299,Maroon
543,14999,Pink
543,9995,Pink
543,17995,Blue
543,12495,Blue
768,1299,Gold
768,999,Black
768,1199,White
768,1299,Silver
768,1499,Blue
768,1499,Cream
768,1299,Black
768,2599,Gold
768,2599,Black
768,999,Blue
768,1649,Red
768,1199,Red
830,2499,Multi
830,2499,Green
676,2899,Pink
676,899,Grey
676,749,Grey
676,1499,Brown
676,999,Blue
676,899,Black
676,1499,Black
676,1299,Olive
676,1299,Blue
676,1299,White
676,1199,Blue
676,1499,Pink
676,999,Blue
676,1099,Rust
676,1199,Navy Blue
676,799,Black
676,1299,Green
676,1199,Blue
676,999,Black
676,1099,Blue
676,1399,Blue
676,2499,Brown
676,1299,Blue
676,1499,Blue
676,1299,Grey
676,1499,Pink
676,1399,Olive
676,999,Blue
676,999,Blue
676,1299,Pink
676,1299,Grey
676,1099,Blue
676,1099,Black
676,1399,Blue
676,899,Green
676,1799,Olive
676,1099,Blue
676,1599,Blue
676,3299,Black
676,999,Navy Blue
676,999,Black
676,1299,Blue
676,1199,Grey
676,1399,Blue
676,1499,Pink
676,1399,Blue
676,999,Black
836,3499,Green
836,2999,Pink
538,1599,Black
538,1799,Green
538,1999,Blue
538,1999,Black
538,1799,Blue
538,1599,Black
552,2100,Red
552,1990,Black
552,1290,Maroon
552,950,White
173,8800,Burgundy
173,7900,Black
173,12400,Pink
173,11900,Sea Green
173,9900,Green
173,3990,Orange
173,9900,Burgundy
173,9900,Magenta
173,9900,Teal
173,7900,Blue
173,7900,Mustard
173,7990,Mustard
173,7900,Fuchsia
10,1199,Fuchsia
10,1299,Fuchsia
10,1199,Red
10,1299,Red
10,1199,Black
10,1199,Navy Blue
595,2395,Beige
595,1695,Blue
595,2485,Green
595,1395,Black
595,2895,Red
595,3995,Green
16,1749,Navy Blue
16,1249,Black
16,3629,Black
16,3629,Maroon
16,2629,Green
16,1249,Gold
16,3629,Maroon
312,2950,Lavender
312,1825,Beige
887,2499,Black
887,1999,Grey
887,1999,Black
278,690,Mustard
278,2199,Teal
278,1490,Multi
278,999,Pink
278,1999,Pink
278,1490,Peach
278,690,White
278,1390,Yellow
278,1299,Green
278,1699,Brown
278,690,Navy Blue
278,1290,Green
278,1490,Blue
278,3599,Maroon
843,699,Mustard
843,4500,Mustard
843,1499,Gold
843,1450,Maroon
843,1250,Off White
843,4500,Pink
843,1650,Green
843,4500,Green
843,3995,Maroon
843,2495,Red
843,2495,Green
843,1250,Green
843,1350,Red
843,4500,Red
856,1899,Grey
55,650,Black
55,1495,Black
481,2099,Peach
481,1899,Pink
865,2499,Black
865,2999,Sea Green
330,999,Multi
330,499,Purple
330,499,Blue
330,499,Multi
330,599,Yellow
244,2299,Peach
244,1499,Green
532,2299,Blue
532,2499,Blue
624,13206,Pink
624,5391,Purple
624,11409,Lavender
624,9480,Teal
624,13206,Peach
624,7851,Beige
624,12183,Pink
757,1999,Multi
379,999,Turquoise Blue
379,1099,Purple
477,2799,Off White
477,2699,Khaki
477,3699,Red
477,1999,Black
477,1899,Charcoal
477,1099,White
477,1799,Navy Blue
477,1999,Black
477,1199,Red
477,1999,Violet
477,3699,Black
477,2299,Blue
477,1899,White
48,1899,Navy Blue
48,1899,Blue
48,2599,Charcoal
48,2499,Navy Blue
48,1999,Blue
48,2399,Red
48,1899,Green
48,2599,Off White
748,1799,Beige
748,2299,Blue
748,1299,White
748,1799,Grey
748,1899,Grey
491,1599,Blue
491,1199,Olive
491,1199,Nude
535,3590,Mauve
535,2490,Black
535,3290,Maroon
535,2690,Khaki
535,2390,Blue
535,3390,Peach
535,1690,Black
535,2990,Grey
535,2990,Grey
535,2990,Pink
535,2190,Black
535,2190,Black
64,349,Blue
459,2990,Purple
459,2990,Black
459,2290,Blue
459,3490,Blue
459,2490,Black
459,2790,Black
459,2990,Grey
459,1990,Grey
459,4990,Navy Blue
549,1799,White
549,1899,Black
549,1299,Off White
549,2499,Mustard
549,1599,Red
549,1499,Blue
549,1599,Olive
371,999,White
852,2899,Black
852,2399,Red
852,1598,Green
852,2499,Teal
49,1599,Peach
696,2700,Green
696,2810,Maroon
628,799,Black
628,799,Peach
628,999,Grey
628,999,Green
568,1299,Mustard
568,999,Black
568,1399,White
568,999,White
568,1399,Maroon
568,899,Black
568,999,White
568,1999,Black
568,999,White
568,999,Beige
568,1499,Red
568,999,Cream
742,2500,Navy Blue
742,1599,Black
742,1600,Black
742,1600,Black
742,2000,Black
742,2500,Grey
742,2500,Black
742,2500,Black
742,2500,Charcoal
742,1500,Burgundy
742,1600,Grey Melange
742,1800,Black
849,2195,Pink
630,1699,Brown
630,1699,Blue
501,3999,Red
501,1599,Grey
501,1899,Black
501,2790,Navy Blue
501,2299,Grey
501,2399,Grey
791,2430,Teal
645,1499,White
645,999,Black
645,1699,Burgundy
84,1199,White
284,1999,Beige
325,1999,Black
325,2399,Navy Blue
325,1999,Orange
784,4696,Navy Blue
784,4974,Red
784,2959,Purple
784,7493,Red
430,1797,Black
430,1289,Navy Blue
988,4999,Maroon
136,1199,Grey
136,999,Black
136,1199,Grey
136,1099,Green
136,1999,Black
136,3999,White
136,1999,Off White
136,2299,Pink
136,2299,White
136,1999,Navy Blue
136,899,Peach
338,799,Navy Blue
338,1299,Peach
338,1299,Off White
338,1049,Black
338,799,Black
338,799,Red
338,699,Navy Blue
338,799,Beige
338,799,Beige
338,1299,Blue
338,899,Red
338,799,Beige
338,799,Navy Blue
338,699,Beige
338,799,Coral
1017,495,Beige
1017,495,Black
677,3999,Red
677,2299,Grey
677,2199,Blue
677,2299,Navy Blue
677,3299,Navy Blue
677,1799,Blue
677,2799,Blue
677,1699,Blue
677,2399,Navy Blue
677,2599,Navy Blue
677,2399,Blue
677,2399,Grey
677,2599,Blue
677,2399,Blue
677,4499,Red
337,1299,Blue
337,1999,Black
337,799,Pink
337,1899,Black
337,1049,Brown
337,1699,Blue
337,1899,Blue
337,1299,Black
337,3499,Red
792,1999,White
303,2499,Green
303,2549,Yellow
303,1699,Pink
648,3300,Black
820,2382,Yellow
831,1699,Magenta
172,799,Green
172,899,Blue
172,2399,Blue
172,1799,Blue
433,899,Red
433,899,Navy Blue
433,999,Yellow
433,1249,Red
433,1899,Black
400,2499,Maroon
400,2199,Maroon
400,2399,Mustard
400,2999,Grey
1013,3449,Multi
1013,2799,Multi
1013,1999,White
167,6045,Black
167,4645,Maroon
167,4645,Maroon
167,4645,Yellow
167,4645,Beige
167,2545,Red
167,3545,Navy Blue
167,3795,Red
167,2795,Mustard
910,1899,Blue
910,3099,Grey
910,1699,Red
910,2299,Taupe
819,1299,Mustard
834,499,Orange
834,449,Pink
834,849,Black
687,1799,White
378,1699,Charcoal
378,1699,Black
378,1499,Charcoal
378,1299,Navy Blue
378,1299,Grey Melange
479,1299,Blue
592,2099,Off White
592,3000,Black
592,1665,Black
592,2099,Black
592,3000,Black
152,699,Green
152,699,White
152,799,Beige
152,699,Cream
152,699,Off White
152,699,Cream
152,799,Black
152,899,Green
58,1799,Purple
58,1399,Navy Blue
58,1999,Mustard
58,1999,Teal
623,399,White
730,599,Navy Blue
730,799,Pink
730,999,White
730,899,Grey
730,1199,Red
730,699,Red
912,2399,Orange
126,1959,Black
126,2599,Green
308,2492,Grey
62,2499,Black
62,2499,Black
62,2499,Pink
587,2399,Blue
587,2599,Blue
587,3399,Lavender
587,1799,Black
587,2799,Blue
587,2399,Blue
587,1799,Peach
587,2299,Blue
587,2799,Blue
587,2799,Blue
587,1799,Blue
587,2699,Red
587,2399,Maroon
587,2099,Blue
587,1049,Pink
587,2299,Blue
99,1199,Off White
286,1665,Red
286,891,Blue
127,1499,Grey
395,1699,Blue
395,1699,Brown
395,1199,Turquoise Blue
146,899,Mustard
146,899,Green
146,1699,Pink
766,1799,Turquoise Blue
766,2559,Off White
766,1799,Off White
766,1729,Pink
948,1999,Off White
948,1999,Pink
948,1999,Beige
948,1999,Coffee Brown
631,1295,Black
631,2595,Black
631,1995,Black
61,11999,Green
780,1650,Beige
534,1599,Grey
534,3299,Mauve
534,3499,Black
534,999,Pink
990,1899,Navy Blue
990,2799,Navy Blue
53,3499,Black
53,1799,Black
53,1599,Black
53,1499,Orange
53,1399,Mustard
53,1699,Burgundy
53,1999,Mustard
53,1799,Purple
53,1599,Rust
53,1499,Peach
53,1399,Orange
53,1899,Yellow
53,1899,Black
53,1999,Green
53,2299,Mustard
53,1999,Orange
53,1999,Green
53,2499,Navy Blue
53,999,Navy Blue
53,1499,Navy Blue
53,1799,Navy Blue
53,1499,Pink
53,1699,Grey Melange
53,1799,Pink
53,1499,Navy Blue
53,1499,Burgundy
570,2499,Green
114,2799,Blue
736,5999,Blue
415,1599,Beige
745,3900,Yellow
231,1558,Pink
891,2699,Black
891,1499,Black
891,1899,Olive
891,2199,Green
891,2799,Navy Blue
891,2099,Olive
269,2099,Blue
20,2499,Yellow
185,2299,Blue
523,1199,Green
523,1199,Off White
296,2199,Navy Blue
296,2599,Brown
63,1899,Beige
445,1310,Pink
445,2900,Teal
275,999,Off White
492,2065,Beige
492,1750,Black
492,2065,Blue
499,2695,Black
867,1499,Grey
867,1499,Black
320,1399,Pink
343,1249,Red
343,1399,Black
327,8999,Sea Green
327,7999,Pink
329,2999,Green
329,2799,Navy Blue
758,1599,Black
758,1399,Pink
758,1599,Multi
112,3599,Red
916,1790,Black
916,1790,Off White
916,2590,Peach
21,899,Pink
21,750,Grey
21,899,Blue
434,4995,Red
666,2799,Maroon
666,2099,Blue
666,3899,Black
863,1399,Pink
756,6999,Grey
975,1899,Black
695,3000,Black
714,1299,Grey Melange
123,2399,Black
123,2599,Black
123,2599,Blue
86,2145,Pink
316,2290,Maroon
316,2275,Beige
316,2275,Mustard
316,2490,Beige
316,2875,Black
316,3075,Black
333,1199,Red
946,5200,Turquoise Blue
946,4500,Pink
254,649,Pink
254,499,Navy Blue
942,2299,Navy Blue
137,699,Red
656,2795,Green
985,6995,Purple
985,6995,Nude
442,15998,Black
790,7900,Yellow
986,7495,Burgundy
984,1999,Grey
396,3150,Blue
396,2317,Pink
199,1699,Blue
199,1199,Blue
262,1999,Off White
262,599,Beige
124,1499,Yellow
124,1499,Red
166,2599,Maroon
166,3299,White
51,1799,Olive
864,2299,Rust
108,698,Orange
672,1899,Black
334,2795,Teal
440,2098,Burgundy
606,1999,White
228,11680,Orange
678,1099,Peach
678,899,Mauve
678,1199,Off White
922,4999,Beige
922,5299,Black
192,10999,Sea Green
612,1499,Teal
612,1499,Beige
480,1999,White
255,1300,Orange
34,2799,Blue
720,1899,Grey
170,4000,Green
390,4899,Blue
646,2999,Peach
187,2399,Blue
450,799,Nude
1009,1499,Red
716,1499,Blue
56,2999,Grey
208,899,Navy Blue
752,2663,Magenta
605,999,Multi
848,1949,Blue
848,799,Blue
637,1999,Cream
